{"accuracy": [0.6195312738418579, 0.6978124976158142, 0.7279687523841858, 0.7387499809265137, 0.7385937571525574, 0.7367187738418579, 0.7378125190734863], "auc": [0.6762484908103943, 0.7737352252006531, 0.7859192490577698, 0.8044995665550232, 0.8093779683113098, 0.8084883093833923, 0.817630410194397], "loss": [0.6998607516288757, 0.5776339173316956, 0.5600925087928772, 0.5409976840019226, 0.5355959534645081, 0.5353865623474121, 0.5217233896255493], "val_accuracy": [0.8299999833106995, 0.8143749833106995, 0.7981250286102295, 0.8037499785423279, 0.7950000166893005, 0.8018749952316284, 0.7987499833106995], "val_auc": [0.8018456697463989, 0.8335583209991455, 0.8442627191543579, 0.8464977741241455, 0.8506494164466858, 0.8506494164466858, 0.852414608001709], "val_loss": [0.4428999423980713, 0.4329666793346405, 0.4545513987541199, 0.44441863894462585, 0.44478240609169006, 0.4345146417617798, 0.435420960187912]}