{"test_loss": 0.45878079533576965, "test_accuracy": 0.7914999723434448, "test_auc": 0.8623800873756409, "best_threshold": 0.6697601675987244, "best_f1": 0.6345903771131339}