{"accuracy": [0.6403124928474426, 0.6873437762260437, 0.7003124952316284, 0.7046874761581421, 0.7215625047683716, 0.7181249856948853, 0.7114062309265137, 0.7239062786102295, 0.7243750095367432, 0.7210937738418579, 0.7326562404632568, 0.7331249713897705, 0.7201562523841858, 0.7318750023841858, 0.7306249737739563, 0.7385937571525574, 0.7448437213897705, 0.7473437786102295, 0.7315624952316284, 0.7417187690734863, 0.7393749952316284, 0.7321875095367432, 0.742968738079071, 0.741406261920929, 0.737500011920929, 0.7426562309265137, 0.7487499713897705, 0.7354687452316284, 0.7432812452316284, 0.735156238079071], "auc": [0.6829754114151001, 0.7555229663848877, 0.7673704624176025, 0.7722662687301636, 0.7895251512527466, 0.7840737104415894, 0.7915120124816895, 0.7896278500556946, 0.7949974536895752, 0.79314786195755, 0.7955417037010193, 0.8001004457473755, 0.8008877038955688, 0.8014827966690063, 0.8041825294494629, 0.8096062541007996, 0.8053215146064758, 0.8077131509780884, 0.8026503324508667, 0.7968794107437134, 0.8174963593482971, 0.8041779398918152, 0.8108319640159607, 0.813024640083313, 0.8125095963478088, 0.8135436773300171, 0.8135684132575989, 0.806952714920044, 0.8107285499572754, 0.8060303330421448], "loss": [0.6744377613067627, 0.5939927101135254, 0.584906816482544, 0.5797262191772461, 0.5613858699798584, 0.5645477175712585, 0.5587040185928345, 0.5600504875183105, 0.5537655353546143, 0.5576347708702087, 0.5534103512763977, 0.548107385635376, 0.5460134148597717, 0.544772207736969, 0.5429459810256958, 0.5388267636299133, 0.543738603591919, 0.5397049188613892, 0.5463509559631348, 0.5506749749183655, 0.5275437831878662, 0.5450437068939209, 0.5345985293388367, 0.5340824723243713, 0.5350902676582336, 0.5332415103912354, 0.5349945425987244, 0.5384782552719116, 0.5366620421409607, 0.540509819984436], "val_accuracy": [0.7612500190734863, 0.7212499976158142, 0.7193750143051147, 0.6781250238418579, 0.768750011920929, 0.7043750286102295, 0.690625011920929, 0.8374999761581421, 0.7524999976158142, 0.8012499809265137, 0.8168749809265137, 0.6881250143051147, 0.8056250214576721, 0.699999988079071, 0.7631250023841858, 0.7706249952316284, 0.71875, 0.7850000262260437, 0.8237500190734863, 0.7606250047683716, 0.8306249976158142, 0.7431250214576721, 0.7618749737739563, 0.7543749809265137, 0.7943750023841858, 0.7912499904632568, 0.7912499904632568, 0.7493749856948853, 0.7962499856948853, 0.7993749976158142], "val_auc": [0.7906360030174255, 0.8210546970367432, 0.82916259765625, 0.837738037109375, 0.8459851145744324, 0.8383801579475403, 0.8399877548217773, 0.8514660596847534, 0.8547412157058716, 0.8567309379577637, 0.8553979396820068, 0.8638806343078613, 0.8604809641838074, 0.8664489984512329, 0.8601940870285034, 0.8599255084991455, 0.8613390922546387, 0.8639453053474426, 0.8600647449493408, 0.8665771484375, 0.8571557402610779, 0.8606677055358887, 0.864898681640625, 0.8673681616783142, 0.8642553687095642, 0.8715112209320068, 0.8657275438308716, 0.8642712235450745, 0.8669763207435608, 0.8690869212150574], "val_loss": [0.5130681395530701, 0.5100102424621582, 0.5322570204734802, 0.5495594143867493, 0.456979364156723, 0.544199526309967, 0.5351160168647766, 0.45111942291259766, 0.4811480641365051, 0.42932888865470886, 0.42087864875793457, 0.5217272043228149, 0.4414932131767273, 0.5499178171157837, 0.4660119116306305, 0.4673498570919037, 0.5365560054779053, 0.4547925293445587, 0.39138543605804443, 0.4937683045864105, 0.42251646518707275, 0.4963991940021515, 0.4804033041000366, 0.5027728080749512, 0.45287609100341797, 0.5010371804237366, 0.44009509682655334, 0.45833277702331543, 0.4514263868331909, 0.44034385681152344]}